id,timestamp,unit_id,model_version,model_name,is_valid_phone,rejection_reason,detected_objects_json,final_grade,grade_confidence,total_dpi,defects_count,defect_breakdown_json,elapsed_sec,storage_folder,views_count,views_list
1,2026-10-02 17:02:35,TEST_UNIT_001,v3,Model Versi 3 (Housing-Only Skala Penuh 1.918 Unit - Random Forest 18 Fitur),0,Citra pada sisi 'TOP' terdeteksi memuat objek bukan smartphone (Manusia / Orang). Sistem hanya menerima foto fisik bodi ponsel. Harap masukkan ulang foto bodi HP yang benar. | Citra pada sisi 'BOTTOM' terdeteksi memuat objek bukan smartphone (Manusia / Orang). Sistem hanya menerima foto fisik bodi ponsel. Harap masukkan ulang foto bodi HP yang benar. | Citra pada sisi 'LEFT' terdeteksi memuat objek bukan smartphone (Manusia / Orang). Sistem hanya menerima foto fisik bodi ponsel. Harap masukkan ulang foto bodi HP yang benar. | Citra pada sisi 'RIGHT' terdeteksi memuat objek bukan smartphone (Manusia / Orang). Sistem hanya menerima foto fisik bodi ponsel. Harap masukkan ulang foto bodi HP yang benar.,"{""top"": [{""class_name"": ""person"", ""label_id"": ""Manusia / Orang"", ""confidence"": 0.32, ""bbox"": [2, 94, 1501, 990], ""area_ratio"": 0.61}], ""bottom"": [{""class_name"": ""person"", ""label_id"": ""Manusia / Orang"", ""confidence"": 0.525, ""bbox"": [6, 15, 1640, 568], ""area_ratio"": 0.319}, {""class_name"": ""person"", ""label_id"": ""Manusia / Orang"", ""confidence"": 0.33, ""bbox"": [0, 9, 1632, 1065], ""area_ratio"": 0.608}], ""left"": [{""class_name"": ""person"", ""label_id"": ""Manusia / Orang"", ""confidence"": 0.775, ""bbox"": [0, 2084, 747, 2719], ""area_ratio"": 0.173}], ""right"": [{""class_name"": ""person"", ""label_id"": ""Manusia / Orang"", ""confidence"": 0.508, ""bbox"": [0, 1063, 936, 2845], ""area_ratio"": 0.554}, {""class_name"": ""person"", ""label_id"": ""Manusia / Orang"", ""confidence"": 0.324, ""bbox"": [0, 1909, 928, 2849], ""area_ratio"": 0.29}, {""class_name"": ""person"", ""label_id"": ""Manusia / Orang"", ""confidence"": 0.29, ""bbox"": [0, 1169, 686, 2843], ""area_ratio"": 0.382}]}",,0.0,0.0,0,{},0.0,/Users/macbookair/Documents/Project Defect Detections/TES_CROP_HP/streamlit_inspection_app/data/collected_data/20261002/TEST_UNIT_001_1790935355,4,"top, bottom, left, right"
2,2026-10-02 17:14:57,IPHONE-16E-DEMO,v3,Model Versi 3 (Housing-Only Skala Penuh 1.918 Unit - Random Forest 18 Fitur),1,,{},B,0.85,3.6,1,"{""scratch"": 0, ""dent"": 1, ""chip"": 0, ""crack"": 0, ""broken"": 0}",0.0,/Users/macbookair/Documents/Project Defect Detections/TES_CROP_HP/streamlit_inspection_app/data/collected_data/20261002/IPHONE-16E-DEMO_1790936097,4,"top, bottom, left, right"
3,2026-10-02 17:18:54,TEST_DEBUG,v3,Model Versi 3 (Housing-Only Skala Penuh 1.918 Unit - Random Forest 18 Fitur),1,,{},B,0.85,3.6,1,"{""scratch"": 0, ""dent"": 1, ""chip"": 0, ""crack"": 0, ""broken"": 0}",0.0,/Users/macbookair/Documents/Project Defect Detections/TES_CROP_HP/streamlit_inspection_app/data/collected_data/20261002/TEST_DEBUG_1790936334,4,"top, bottom, left, right"
4,2026-10-03 08:55:45,TEST-V5-NEW-WEIGHTS,v5,Model Versi 5 (Housing-Only YOLOv8s 1024px - Checkpoint Terbaru),0,Citra pada sisi 'TOP' terdeteksi memuat objek bukan smartphone (Manusia / Orang). Sistem AI Guardrail menolak citra ini demi menjaga integritas data valuasi. Harap masukkan ulang foto fisik bodi smartphone yang sah. | Citra pada sisi 'BOTTOM' terdeteksi memuat objek bukan smartphone (Manusia / Orang). Sistem AI Guardrail menolak citra ini demi menjaga integritas data valuasi. Harap masukkan ulang foto fisik bodi smartphone yang sah. | Citra pada sisi 'LEFT' terdeteksi memuat objek bukan smartphone (Manusia / Orang). Sistem AI Guardrail menolak citra ini demi menjaga integritas data valuasi. Harap masukkan ulang foto fisik bodi smartphone yang sah. | Citra pada sisi 'RIGHT' terdeteksi memuat objek bukan smartphone (Manusia / Orang). Sistem AI Guardrail menolak citra ini demi menjaga integritas data valuasi. Harap masukkan ulang foto fisik bodi smartphone yang sah.,"{""top"": [{""class_name"": ""person"", ""label_id"": ""Manusia / Orang"", ""confidence"": 0.32, ""bbox"": [2, 94, 1501, 990], ""area_ratio"": 0.61}], ""bottom"": [{""class_name"": ""person"", ""label_id"": ""Manusia / Orang"", ""confidence"": 0.525, ""bbox"": [6, 15, 1640, 568], ""area_ratio"": 0.319}, {""class_name"": ""person"", ""label_id"": ""Manusia / Orang"", ""confidence"": 0.33, ""bbox"": [0, 9, 1632, 1065], ""area_ratio"": 0.608}], ""left"": [{""class_name"": ""person"", ""label_id"": ""Manusia / Orang"", ""confidence"": 0.775, ""bbox"": [0, 2084, 747, 2719], ""area_ratio"": 0.173}], ""right"": [{""class_name"": ""person"", ""label_id"": ""Manusia / Orang"", ""confidence"": 0.508, ""bbox"": [0, 1063, 936, 2845], ""area_ratio"": 0.554}, {""class_name"": ""person"", ""label_id"": ""Manusia / Orang"", ""confidence"": 0.29, ""bbox"": [0, 1169, 686, 2843], ""area_ratio"": 0.382}]}",,0.0,0.0,0,{},0.0,/Users/macbookair/Documents/Project Defect Detections/TES_CROP_HP/streamlit_inspection_app/data/collected_data/20261003/TEST-V5-NEW-WEIGHTS_1790992545,4,"top, bottom, left, right"
5,2026-10-03 09:46:12,1-00043e-13__samsung__samsung-a02s-4-64,v5,Model Versi 5 (Housing-Only YOLOv8s 1024px - Checkpoint Terbaru),0,Citra pada sisi 'LEFT' terdeteksi memuat objek bukan smartphone (Manusia / Orang). Sistem AI Guardrail menolak citra ini demi menjaga integritas data valuasi. Harap masukkan ulang foto fisik bodi smartphone yang sah. | Citra pada sisi 'RIGHT' terdeteksi memuat objek bukan smartphone (Manusia / Orang). Sistem AI Guardrail menolak citra ini demi menjaga integritas data valuasi. Harap masukkan ulang foto fisik bodi smartphone yang sah.,"{""left"": [{""class_name"": ""person"", ""label_id"": ""Manusia / Orang"", ""confidence"": 0.716, ""bbox"": [0, 1690, 713, 2378], ""area_ratio"": 0.234}], ""right"": [{""class_name"": ""person"", ""label_id"": ""Manusia / Orang"", ""confidence"": 0.871, ""bbox"": [0, 1640, 769, 2420], ""area_ratio"": 0.276}]}",,0.0,0.0,0,{},0.0,/Users/macbookair/Documents/Project Defect Detections/TES_CROP_HP/streamlit_inspection_app/data/collected_data/20261003/1-00043e-13__samsung__samsung-a02s-4-64_1790995572,4,"top, bottom, left, right"
6,2026-10-03 10:25:12,test-golden,v3,Model Versi 3 (Housing-Only Skala Penuh 1.918 Unit - Random Forest 18 Fitur),1,,{},A,0.3674,0.0,0,"{""scratch"": 0, ""dent"": 0, ""chip"": 0, ""crack"": 0, ""broken"": 0}",0.0,/Users/macbookair/Documents/Project Defect Detections/TES_CROP_HP/streamlit_inspection_app/data/collected_data/20261003/test-golden_1790997912,0,
7,2026-10-03 10:28:20,test-golden,v3,Model Versi 3 (Housing-Only Skala Penuh 1.918 Unit - Random Forest 18 Fitur),1,,{},A,0.3674,0.0,0,"{""scratch"": 0, ""dent"": 0, ""chip"": 0, ""crack"": 0, ""broken"": 0}",0.0,/Users/macbookair/Documents/Project Defect Detections/TES_CROP_HP/streamlit_inspection_app/data/collected_data/20261003/test-golden_1790998100,0,
8,2026-10-03 10:28:20,test-nonphone,v3,Model Versi 3 (Housing-Only Skala Penuh 1.918 Unit - Random Forest 18 Fitur),0,Citra pada sisi 'BODY' terdeteksi memuat objek bukan smartphone (Manusia / Orang). Sistem AI Guardrail menolak citra ini demi menjaga integritas data valuasi. Harap masukkan ulang foto fisik bodi smartphone yang sah.,"{""body"": [{""class_name"": ""person"", ""label_id"": ""Manusia / Orang"", ""confidence"": 0.806, ""bbox"": [123, 197, 1110, 710], ""area_ratio"": 0.549}, {""class_name"": ""person"", ""label_id"": ""Manusia / Orang"", ""confidence"": 0.794, ""bbox"": [746, 40, 1142, 712], ""area_ratio"": 0.289}]}",,0.0,0.0,0,{},0.0,/Users/macbookair/Documents/Project Defect Detections/TES_CROP_HP/streamlit_inspection_app/data/collected_data/20261003/test-nonphone_1790998100,1,body
9,2026-10-03 10:28:22,test-cat,v3,Model Versi 3 (Housing-Only Skala Penuh 1.918 Unit - Random Forest 18 Fitur),0,Citra pada sisi 'BODY' terdeteksi memuat objek bukan smartphone (Kucing (Binatang)). Sistem AI Guardrail menolak citra ini demi menjaga integritas data valuasi. Harap masukkan ulang foto fisik bodi smartphone yang sah.,"{""body"": [{""class_name"": ""cat"", ""label_id"": ""Kucing (Binatang)"", ""confidence"": 0.903, ""bbox"": [102, 35, 465, 424], ""area_ratio"": 0.501}]}",,0.0,0.0,0,{},0.0,/Users/macbookair/Documents/Project Defect Detections/TES_CROP_HP/streamlit_inspection_app/data/collected_data/20261003/test-cat_1790998102,1,body
10,2026-10-03 10:36:09,1-00043e-13__samsung__samsung-a02s-4-64,v5,Model Versi 5 (Housing-Only YOLOv8s 1024px - Checkpoint Terbaru),0,Citra pada sisi 'LEFT' terdeteksi memuat objek bukan smartphone (Manusia / Orang). Sistem AI Guardrail menolak citra ini demi menjaga integritas data valuasi. Harap masukkan ulang foto fisik bodi smartphone yang sah. | Citra pada sisi 'RIGHT' terdeteksi memuat objek bukan smartphone (Manusia / Orang). Sistem AI Guardrail menolak citra ini demi menjaga integritas data valuasi. Harap masukkan ulang foto fisik bodi smartphone yang sah.,"{""left"": [{""class_name"": ""person"", ""label_id"": ""Manusia / Orang"", ""confidence"": 0.716, ""bbox"": [0, 1690, 713, 2378], ""area_ratio"": 0.234}], ""right"": [{""class_name"": ""person"", ""label_id"": ""Manusia / Orang"", ""confidence"": 0.871, ""bbox"": [0, 1640, 769, 2420], ""area_ratio"": 0.276}]}",,0.0,0.0,0,{},0.0,/Users/macbookair/Documents/Project Defect Detections/TES_CROP_HP/streamlit_inspection_app/data/collected_data/20261003/1-00043e-13__samsung__samsung-a02s-4-64_1790998569,4,"top, bottom, left, right"
11,2026-10-03 10:36:51,1-00023e-13__samsung__samsung-s22-ultra-12-256,v5,Model Versi 5 (Housing-Only YOLOv8s 1024px - Checkpoint Terbaru),0,Citra pada sisi 'TOP' terdeteksi memuat objek bukan smartphone (Manusia / Orang). Sistem AI Guardrail menolak citra ini demi menjaga integritas data valuasi. Harap masukkan ulang foto fisik bodi smartphone yang sah. | Citra pada sisi 'LEFT' terdeteksi memuat objek bukan smartphone (Manusia / Orang). Sistem AI Guardrail menolak citra ini demi menjaga integritas data valuasi. Harap masukkan ulang foto fisik bodi smartphone yang sah. | Citra pada sisi 'RIGHT' terdeteksi memuat objek bukan smartphone (Manusia / Orang). Sistem AI Guardrail menolak citra ini demi menjaga integritas data valuasi. Harap masukkan ulang foto fisik bodi smartphone yang sah.,"{""top"": [{""class_name"": ""person"", ""label_id"": ""Manusia / Orang"", ""confidence"": 0.816, ""bbox"": [0, 2, 1439, 975], ""area_ratio"": 0.66}], ""left"": [{""class_name"": ""person"", ""label_id"": ""Manusia / Orang"", ""confidence"": 0.555, ""bbox"": [0, 1200, 729, 2673], ""area_ratio"": 0.405}], ""right"": [{""class_name"": ""person"", ""label_id"": ""Manusia / Orang"", ""confidence"": 0.77, ""bbox"": [0, 1129, 757, 2742], ""area_ratio"": 0.438}]}",,0.0,0.0,0,{},0.0,/Users/macbookair/Documents/Project Defect Detections/TES_CROP_HP/streamlit_inspection_app/data/collected_data/20261003/1-00023e-13__samsung__samsung-s22-ultra-12-256_1790998611,4,"top, bottom, left, right"
12,2026-10-03 10:43:01,1-00023e-13__oppo__oppo-a78-8-256-5g,v3,Model Versi 3 (Housing-Only Skala Penuh 1.918 Unit - Random Forest 18 Fitur),1,,{},C,0.82,26.09,15,"{""scratch"": 12, ""dent"": 2, ""chip"": 1, ""crack"": 0, ""broken"": 0}",0.0,/Users/macbookair/Documents/Project Defect Detections/TES_CROP_HP/streamlit_inspection_app/data/collected_data/20261003/1-00023e-13__oppo__oppo-a78-8-256-5g_1790998981,4,"top, bottom, left, right"
13,2026-10-03 10:43:16,1-00023e-13__oppo__oppo-a78-8-256-5g,v3,Model Versi 3 (Housing-Only Skala Penuh 1.918 Unit - Random Forest 18 Fitur),1,,{},B,0.85,11.14,9,"{""scratch"": 9, ""dent"": 0, ""chip"": 0, ""crack"": 0, ""broken"": 0}",0.0,/Users/macbookair/Documents/Project Defect Detections/TES_CROP_HP/streamlit_inspection_app/data/collected_data/20261003/1-00023e-13__oppo__oppo-a78-8-256-5g_1790998996,4,"top, bottom, left, right"
14,2026-10-03 10:43:35,1-00043e-13__apple__iphone-7-plus-32gb,v3,Model Versi 3 (Housing-Only Skala Penuh 1.918 Unit - Random Forest 18 Fitur),1,,{},A,0.92,1.0,1,"{""scratch"": 1, ""dent"": 0, ""chip"": 0, ""crack"": 0, ""broken"": 0}",0.0,/Users/macbookair/Documents/Project Defect Detections/TES_CROP_HP/streamlit_inspection_app/data/collected_data/20261003/1-00043e-13__apple__iphone-7-plus-32gb_1790999015,4,"top, bottom, left, right"
15,2026-10-03 10:46:31,1-00033e-13__oppo__oppo-a18-4-128,v3,Model Versi 3 (Housing-Only Skala Penuh 1.918 Unit - Random Forest 18 Fitur),1,,{},B,0.85,9.17,4,"{""scratch"": 3, ""dent"": 0, ""chip"": 1, ""crack"": 0, ""broken"": 0}",0.0,/Users/macbookair/Documents/Project Defect Detections/TES_CROP_HP/streamlit_inspection_app/data/collected_data/20261003/1-00033e-13__oppo__oppo-a18-4-128_1790999191,4,"top, bottom, left, right"
16,2026-10-03 10:47:29,1-00043e-13__apple__iphone-7-plus-32gb,v3,Model Versi 3 (Housing-Only Skala Penuh 1.918 Unit - Random Forest 18 Fitur),1,,{},A,0.92,1.0,1,"{""scratch"": 1, ""dent"": 0, ""chip"": 0, ""crack"": 0, ""broken"": 0}",0.0,/Users/macbookair/Documents/Project Defect Detections/TES_CROP_HP/streamlit_inspection_app/data/collected_data/20261003/1-00043e-13__apple__iphone-7-plus-32gb_1790999249,4,"top, bottom, left, right"
17,2026-10-03 10:51:05,1-00043e-13__apple__iphone-7-plus-32gb,v3,Model Versi 3 (Housing-Only Skala Penuh 1.918 Unit - Random Forest 18 Fitur),1,,{},A,0.92,1.0,1,"{""scratch"": 1, ""dent"": 0, ""chip"": 0, ""crack"": 0, ""broken"": 0}",0.0,/Users/macbookair/Documents/Project Defect Detections/TES_CROP_HP/streamlit_inspection_app/data/collected_data/20261003/1-00043e-13__apple__iphone-7-plus-32gb_1790999465,4,"top, bottom, left, right"
18,2026-10-03 10:52:59,test-human,v3,Model Versi 3 (Housing-Only Skala Penuh 1.918 Unit - Random Forest 18 Fitur),0,Citra pada sisi 'BODY' terdeteksi memuat objek bukan smartphone (Manusia / Orang). Sistem AI Guardrail menolak citra ini demi menjaga integritas data valuasi. Harap masukkan ulang foto fisik bodi smartphone yang sah.,"{""body"": [{""class_name"": ""person"", ""label_id"": ""Manusia / Orang"", ""confidence"": 0.806, ""bbox"": [123, 197, 1110, 710], ""area_ratio"": 0.549}, {""class_name"": ""person"", ""label_id"": ""Manusia / Orang"", ""confidence"": 0.794, ""bbox"": [746, 40, 1142, 712], ""area_ratio"": 0.289}]}",,0.0,0.0,0,{},0.0,/Users/macbookair/Documents/Project Defect Detections/TES_CROP_HP/streamlit_inspection_app/data/collected_data/20261003/test-human_1790999579,1,body
19,2026-10-03 10:53:00,test-cat,v3,Model Versi 3 (Housing-Only Skala Penuh 1.918 Unit - Random Forest 18 Fitur),0,Citra pada sisi 'BODY' terdeteksi memuat objek bukan smartphone (Kucing (Binatang)). Sistem AI Guardrail menolak citra ini demi menjaga integritas data valuasi. Harap masukkan ulang foto fisik bodi smartphone yang sah.,"{""body"": [{""class_name"": ""cat"", ""label_id"": ""Kucing (Binatang)"", ""confidence"": 0.903, ""bbox"": [102, 35, 465, 424], ""area_ratio"": 0.501}]}",,0.0,0.0,0,{},0.0,/Users/macbookair/Documents/Project Defect Detections/TES_CROP_HP/streamlit_inspection_app/data/collected_data/20261003/test-cat_1790999580,1,body
20,2026-10-03 10:53:40,1-00033e-13__oppo__oppo-a18-4-128,v3,Model Versi 3 (Housing-Only Skala Penuh 1.918 Unit - Random Forest 18 Fitur),1,,{},B,0.85,9.17,4,"{""scratch"": 3, ""dent"": 0, ""chip"": 1, ""crack"": 0, ""broken"": 0}",0.0,/Users/macbookair/Documents/Project Defect Detections/TES_CROP_HP/streamlit_inspection_app/data/collected_data/20261003/1-00033e-13__oppo__oppo-a18-4-128_1790999620,4,"top, bottom, left, right"
21,2026-10-03 10:55:28,1-00033e-13__oppo__oppo-a18-4-128,v3,Model Versi 3 (Housing-Only Skala Penuh 1.918 Unit - Random Forest 18 Fitur),1,,{},D,1.0,70.46,14,"{""scratch"": 10, ""dent"": 0, ""chip"": 2, ""crack"": 0, ""broken"": 2}",0.0,/Users/macbookair/Documents/Project Defect Detections/TES_CROP_HP/streamlit_inspection_app/data/collected_data/20261003/1-00033e-13__oppo__oppo-a18-4-128_1790999729,4,"top, bottom, left, right"
22,2026-10-03 10:58:42,1-00033e-13__oppo__oppo-a18-4-128,v4,Model Versi 4 (Real Annotated Defect Detector - YOLOv8n),1,,{},D,1.0,70.46,14,"{""scratch"": 10, ""dent"": 0, ""chip"": 2, ""crack"": 0, ""broken"": 2}",0.0,/Users/macbookair/Documents/Project Defect Detections/TES_CROP_HP/streamlit_inspection_app/data/collected_data/20261003/1-00033e-13__oppo__oppo-a18-4-128_1790999922,4,"top, bottom, left, right"
23,2026-10-03 11:04:21,1-00013e-13__oppo__oppo-a5i-4-128,v5,Model Versi 5 (Housing-Only YOLOv8s 1024px - Checkpoint Terbaru),1,,{},D,1.0,50.33,8,"{""scratch"": 5, ""dent"": 0, ""chip"": 1, ""crack"": 0, ""broken"": 2}",0.0,/Users/macbookair/Documents/Project Defect Detections/TES_CROP_HP/streamlit_inspection_app/data/collected_data/20261003/1-00013e-13__oppo__oppo-a5i-4-128_1791000261,4,"top, bottom, left, right"
24,2026-10-03 11:05:54,1-00033e-13__oppo__oppo-a18-4-128,v5,Model Versi 5 (Housing-Only YOLOv8s 1024px - Checkpoint Terbaru),1,,{},D,1.0,70.46,14,"{""scratch"": 10, ""dent"": 0, ""chip"": 2, ""crack"": 0, ""broken"": 2}",0.0,/Users/macbookair/Documents/Project Defect Detections/TES_CROP_HP/streamlit_inspection_app/data/collected_data/20261003/1-00033e-13__oppo__oppo-a18-4-128_1791000354,4,"top, bottom, left, right"
25,2026-10-03 11:42:51,TEST_SOP_MANUAL_001,v5,Model Versi 5 (Housing-Only YOLOv8s 1024px - Checkpoint Terbaru),1,,{},A,0.3756,3.5,1,"{""scratch"": 0, ""dent"": 0, ""chip"": 1, ""crack"": 0, ""broken"": 0}",0.0,/Users/macbookair/Documents/Project Defect Detections/TES_CROP_HP/streamlit_inspection_app/data/collected_data/20261003/TEST_SOP_MANUAL_001_1791002571,4,"top, bottom, left, right"
28,2026-10-06 08:01:31,TEST_UNIT_V5,v5,Model Versi 5 (Housing-Only YOLOv8s 800px - Bobot Terbaik Final),1,,{},A,0.3674,0.0,0,"{""scratch"": 0, ""dent"": 0, ""chip"": 0, ""crack"": 0, ""broken"": 0}",0.0,/Users/macbookair/Documents/Project Defect Detections/TES_CROP_HP/streamlit_inspection_app/data/collected_data/20261006/TEST_UNIT_V5_1791248491,1,right
29,2026-10-06 08:49:33,1-00013e-13__oppo__oppo-a5i-4-128,v5,Model Versi 5 (Housing-Only YOLOv8s 1024px - Checkpoint Terbaru),1,,{},D,1.0,50.33,8,"{""scratch"": 5, ""dent"": 0, ""chip"": 1, ""crack"": 0, ""broken"": 2}",0.0,/Users/macbookair/Documents/Project Defect Detections/TES_CROP_HP/streamlit_inspection_app/data/collected_data/20261006/1-00013e-13__oppo__oppo-a5i-4-128_1791251373,4,"top, bottom, left, right"
30,2026-10-06 08:50:14,1-00023e-13__samsung__samsung-a07-4-64,v5,Model Versi 5 (Housing-Only YOLOv8s 1024px - Checkpoint Terbaru),1,,{},C,0.3769,27.35,13,"{""scratch"": 12, ""dent"": 1, ""chip"": 0, ""crack"": 0, ""broken"": 0}",0.0,/Users/macbookair/Documents/Project Defect Detections/TES_CROP_HP/streamlit_inspection_app/data/collected_data/20261006/1-00023e-13__samsung__samsung-a07-4-64_1791251414,4,"top, bottom, left, right"
31,2026-10-09 11:27:13,1-00022e-13__oppo__oppo-a17-4-64,v3,Model Versi 3 (Housing-Only Skala Penuh 1.918 Unit - Random Forest 18 Fitur),1,,{},B,0.85,12.19,5,"{""scratch"": 4, ""dent"": 1, ""chip"": 0, ""crack"": 0, ""broken"": 0}",0.0,/Users/macbookair/Documents/Project Defect Detections/TES_CROP_HP/data/collected_data/20261009/1-00022e-13__oppo__oppo-a17-4-64_1791520033,4,"top, bottom, left, right"
32,2026-10-09 11:27:39,1-00023e-13__apple__iphone-15-pro-max-256gb,v3,Model Versi 3 (Housing-Only Skala Penuh 1.918 Unit - Random Forest 18 Fitur),1,,{},D,1.0,45.52,2,"{""scratch"": 1, ""dent"": 0, ""chip"": 0, ""crack"": 0, ""broken"": 1}",0.0,/Users/macbookair/Documents/Project Defect Detections/TES_CROP_HP/data/collected_data/20261009/1-00023e-13__apple__iphone-15-pro-max-256gb_1791520059,4,"top, bottom, left, right"
33,2026-10-09 11:27:50,1-00023e-13__apple__iphone-16-128gb,v3,Model Versi 3 (Housing-Only Skala Penuh 1.918 Unit - Random Forest 18 Fitur),1,,{},B,0.3097,7.2,4,"{""scratch"": 3, ""dent"": 0, ""chip"": 1, ""crack"": 0, ""broken"": 0}",0.0,/Users/macbookair/Documents/Project Defect Detections/TES_CROP_HP/data/collected_data/20261009/1-00023e-13__apple__iphone-16-128gb_1791520070,4,"top, bottom, left, right"
34,2026-10-09 11:27:56,1-00023e-13__apple__iphone-16e-128gb,v3,Model Versi 3 (Housing-Only Skala Penuh 1.918 Unit - Random Forest 18 Fitur),1,,{},B,0.85,3.6,1,"{""scratch"": 0, ""dent"": 1, ""chip"": 0, ""crack"": 0, ""broken"": 0}",0.0,/Users/macbookair/Documents/Project Defect Detections/TES_CROP_HP/data/collected_data/20261009/1-00023e-13__apple__iphone-16e-128gb_1791520076,4,"top, bottom, left, right"
35,2026-10-09 11:28:03,1-00023e-13__apple__iphone-xs-max-64gb,v3,Model Versi 3 (Housing-Only Skala Penuh 1.918 Unit - Random Forest 18 Fitur),1,,{},D,1.0,159.79,8,"{""scratch"": 4, ""dent"": 0, ""chip"": 0, ""crack"": 0, ""broken"": 4}",0.0,/Users/macbookair/Documents/Project Defect Detections/TES_CROP_HP/data/collected_data/20261009/1-00023e-13__apple__iphone-xs-max-64gb_1791520083,4,"top, bottom, left, right"
36,2026-10-09 11:28:11,1-00023e-13__apple__iphone-11-64gb,v3,Model Versi 3 (Housing-Only Skala Penuh 1.918 Unit - Random Forest 18 Fitur),1,,{},B,0.313,5.2,2,"{""scratch"": 1, ""dent"": 0, ""chip"": 1, ""crack"": 0, ""broken"": 0}",0.0,/Users/macbookair/Documents/Project Defect Detections/TES_CROP_HP/data/collected_data/20261009/1-00023e-13__apple__iphone-11-64gb_1791520091,4,"top, bottom, left, right"
37,2026-10-09 11:28:20,1-00023e-13__apple__iphone-13-pro-max-128gb,v3,Model Versi 3 (Housing-Only Skala Penuh 1.918 Unit - Random Forest 18 Fitur),1,,{},D,1.0,37.39,7,"{""scratch"": 5, ""dent"": 1, ""chip"": 0, ""crack"": 1, ""broken"": 0}",0.0,/Users/macbookair/Documents/Project Defect Detections/TES_CROP_HP/data/collected_data/20261009/1-00023e-13__apple__iphone-13-pro-max-128gb_1791520100,4,"top, bottom, left, right"
38,2026-10-09 11:28:30,1-00023e-13__oppo__oppo-a18-4-128,v3,Model Versi 3 (Housing-Only Skala Penuh 1.918 Unit - Random Forest 18 Fitur),1,,{},A,0.3674,0.0,0,"{""scratch"": 0, ""dent"": 0, ""chip"": 0, ""crack"": 0, ""broken"": 0}",0.0,/Users/macbookair/Documents/Project Defect Detections/TES_CROP_HP/data/collected_data/20261009/1-00023e-13__oppo__oppo-a18-4-128_1791520110,4,"top, bottom, left, right"
39,2026-10-09 11:28:37,1-00023e-13__oppo__oppo-a5-8-128,v3,Model Versi 3 (Housing-Only Skala Penuh 1.918 Unit - Random Forest 18 Fitur),1,,{},D,1.0,27.87,6,"{""scratch"": 2, ""dent"": 1, ""chip"": 2, ""crack"": 0, ""broken"": 1}",0.0,/Users/macbookair/Documents/Project Defect Detections/TES_CROP_HP/data/collected_data/20261009/1-00023e-13__oppo__oppo-a5-8-128_1791520117,4,"top, bottom, left, right"
40,2026-10-09 11:28:57,1-00023e-13__oppo__oppo-a78-8-256-5g,v3,Model Versi 3 (Housing-Only Skala Penuh 1.918 Unit - Random Forest 18 Fitur),1,,{},B,0.85,11.14,9,"{""scratch"": 9, ""dent"": 0, ""chip"": 0, ""crack"": 0, ""broken"": 0}",0.0,/Users/macbookair/Documents/Project Defect Detections/TES_CROP_HP/data/collected_data/20261009/1-00023e-13__oppo__oppo-a78-8-256-5g_1791520137,4,"top, bottom, left, right"
41,2026-10-09 11:29:09,1-00013e-13__oppo__oppo-a15-3-32,v3,Model Versi 3 (Housing-Only Skala Penuh 1.918 Unit - Random Forest 18 Fitur),1,,{},B,0.85,5.84,3,"{""scratch"": 2, ""dent"": 0, ""chip"": 1, ""crack"": 0, ""broken"": 0}",0.0,/Users/macbookair/Documents/Project Defect Detections/TES_CROP_HP/data/collected_data/20261009/1-00013e-13__oppo__oppo-a15-3-32_1791520149,4,"top, bottom, left, right"
42,2026-10-09 11:29:18,1-00013e-13__oppo__oppo-a6x-4-64,v3,Model Versi 3 (Housing-Only Skala Penuh 1.918 Unit - Random Forest 18 Fitur),1,,{},D,1.0,245.61,11,"{""scratch"": 8, ""dent"": 1, ""chip"": 0, ""crack"": 0, ""broken"": 2}",0.0,/Users/macbookair/Documents/Project Defect Detections/TES_CROP_HP/data/collected_data/20261009/1-00013e-13__oppo__oppo-a6x-4-64_1791520158,4,"top, bottom, left, right"
43,2026-10-09 11:29:29,1-00023e-13__oppo__oppo-a18-4-128,v3,Model Versi 3 (Housing-Only Skala Penuh 1.918 Unit - Random Forest 18 Fitur),1,,{},B,0.85,9.78,7,"{""scratch"": 6, ""dent"": 1, ""chip"": 0, ""crack"": 0, ""broken"": 0}",0.0,/Users/macbookair/Documents/Project Defect Detections/TES_CROP_HP/data/collected_data/20261009/1-00023e-13__oppo__oppo-a18-4-128_1791520169,4,"top, bottom, left, right"
44,2026-10-09 11:29:42,1-00023e-13__samsung__samsung-a14-4-128-4g,v3,Model Versi 3 (Housing-Only Skala Penuh 1.918 Unit - Random Forest 18 Fitur),1,,{},B,0.85,9.88,7,"{""scratch"": 7, ""dent"": 0, ""chip"": 0, ""crack"": 0, ""broken"": 0}",0.0,/Users/macbookair/Documents/Project Defect Detections/TES_CROP_HP/data/collected_data/20261009/1-00023e-13__samsung__samsung-a14-4-128-4g_1791520182,4,"top, bottom, left, right"
45,2026-10-09 11:29:57,1-00033e-13__oppo__oppo-a16-4-64,v3,Model Versi 3 (Housing-Only Skala Penuh 1.918 Unit - Random Forest 18 Fitur),1,,{},B,0.403,9.46,5,"{""scratch"": 4, ""dent"": 1, ""chip"": 0, ""crack"": 0, ""broken"": 0}",0.0,/Users/macbookair/Documents/Project Defect Detections/TES_CROP_HP/data/collected_data/20261009/1-00033e-13__oppo__oppo-a16-4-64_1791520197,4,"top, bottom, left, right"
46,2026-10-09 11:30:22,1-00013e-13__oppo__oppo-a5i-4-128,v3,Model Versi 3 (Housing-Only Skala Penuh 1.918 Unit - Random Forest 18 Fitur),1,,{},D,1.0,21.55,3,"{""scratch"": 2, ""dent"": 0, ""chip"": 0, ""crack"": 0, ""broken"": 1}",0.0,/Users/macbookair/Documents/Project Defect Detections/TES_CROP_HP/data/collected_data/20261009/1-00013e-13__oppo__oppo-a5i-4-128_1791520222,4,"top, bottom, left, right"
47,2026-10-09 11:30:29,1-00023e-13__oppo__oppo-f9-4-64,v3,Model Versi 3 (Housing-Only Skala Penuh 1.918 Unit - Random Forest 18 Fitur),1,,{},C,0.82,27.66,18,"{""scratch"": 18, ""dent"": 0, ""chip"": 0, ""crack"": 0, ""broken"": 0}",0.0,/Users/macbookair/Documents/Project Defect Detections/TES_CROP_HP/data/collected_data/20261009/1-00023e-13__oppo__oppo-f9-4-64_1791520229,4,"top, bottom, left, right"
48,2026-10-09 11:30:36,1-00023e-13__samsung__samsung-a07-4-64,v3,Model Versi 3 (Housing-Only Skala Penuh 1.918 Unit - Random Forest 18 Fitur),1,,{},C,0.4405,23.19,10,"{""scratch"": 8, ""dent"": 1, ""chip"": 1, ""crack"": 0, ""broken"": 0}",0.0,/Users/macbookair/Documents/Project Defect Detections/TES_CROP_HP/data/collected_data/20261009/1-00023e-13__samsung__samsung-a07-4-64_1791520236,4,"top, bottom, left, right"
49,2026-10-09 11:30:48,1-00033e-13__apple__iphone-x-64gb,v3,Model Versi 3 (Housing-Only Skala Penuh 1.918 Unit - Random Forest 18 Fitur),1,,{},D,1.0,315.84,23,"{""scratch"": 12, ""dent"": 0, ""chip"": 3, ""crack"": 1, ""broken"": 7}",0.0,/Users/macbookair/Documents/Project Defect Detections/TES_CROP_HP/data/collected_data/20261009/1-00033e-13__apple__iphone-x-64gb_1791520248,4,"top, bottom, left, right"
50,2026-10-09 11:30:55,1-00033e-13__oppo__oppo-a18-4-128,v3,Model Versi 3 (Housing-Only Skala Penuh 1.918 Unit - Random Forest 18 Fitur),1,,{},B,0.85,9.17,4,"{""scratch"": 3, ""dent"": 0, ""chip"": 1, ""crack"": 0, ""broken"": 0}",0.0,/Users/macbookair/Documents/Project Defect Detections/TES_CROP_HP/data/collected_data/20261009/1-00033e-13__oppo__oppo-a18-4-128_1791520255,4,"top, bottom, left, right"
51,2026-10-09 13:12:00,1-00022e-13__oppo__oppo-a17-4-64,v3,Model Versi 3 (Housing-Only Skala Penuh 1.918 Unit - Random Forest 18 Fitur),1,,{},B,0.85,12.19,5,"{""scratch"": 4, ""dent"": 1, ""chip"": 0, ""crack"": 0, ""broken"": 0}",0.0,/Users/macbookair/Documents/Project Defect Detections/TES_CROP_HP/data/collected_data/20261009/1-00022e-13__oppo__oppo-a17-4-64_1791526320,4,"top, bottom, left, right"
52,2026-10-09 13:14:48,1-00022e-13__oppo__oppo-a17-4-64,v3,Model Versi 3 (Housing-Only Skala Penuh 1.918 Unit - Random Forest 18 Fitur),1,,{},B,0.85,12.19,5,"{""scratch"": 4, ""dent"": 1, ""chip"": 0, ""crack"": 0, ""broken"": 0}",0.0,/Users/macbookair/Documents/Project Defect Detections/TES_CROP_HP/data/collected_data/20261009/1-00022e-13__oppo__oppo-a17-4-64_1791526488,4,"top, bottom, left, right"
53,2026-10-09 13:14:53,1-00023e-13__apple__iphone-15-pro-max-256gb,v3,Model Versi 3 (Housing-Only Skala Penuh 1.918 Unit - Random Forest 18 Fitur),1,,{},D,1.0,45.52,2,"{""scratch"": 1, ""dent"": 0, ""chip"": 0, ""crack"": 0, ""broken"": 1}",0.0,/Users/macbookair/Documents/Project Defect Detections/TES_CROP_HP/data/collected_data/20261009/1-00023e-13__apple__iphone-15-pro-max-256gb_1791526493,4,"top, bottom, left, right"
54,2026-10-09 13:14:58,1-00023e-13__apple__iphone-11-64gb,v3,Model Versi 3 (Housing-Only Skala Penuh 1.918 Unit - Random Forest 18 Fitur),1,,{},B,0.313,5.2,2,"{""scratch"": 1, ""dent"": 0, ""chip"": 1, ""crack"": 0, ""broken"": 0}",0.0,/Users/macbookair/Documents/Project Defect Detections/TES_CROP_HP/data/collected_data/20261009/1-00023e-13__apple__iphone-11-64gb_1791526498,4,"top, bottom, left, right"
55,2026-10-09 13:15:04,1-00023e-13__apple__iphone-13-pro-max-128gb,v3,Model Versi 3 (Housing-Only Skala Penuh 1.918 Unit - Random Forest 18 Fitur),1,,{},D,1.0,37.39,7,"{""scratch"": 5, ""dent"": 1, ""chip"": 0, ""crack"": 1, ""broken"": 0}",0.0,/Users/macbookair/Documents/Project Defect Detections/TES_CROP_HP/data/collected_data/20261009/1-00023e-13__apple__iphone-13-pro-max-128gb_1791526504,4,"top, bottom, left, right"
56,2026-10-09 13:15:12,1-00013e-13__oppo__oppo-a15-3-32,v3,Model Versi 3 (Housing-Only Skala Penuh 1.918 Unit - Random Forest 18 Fitur),1,,{},B,0.85,5.84,3,"{""scratch"": 2, ""dent"": 0, ""chip"": 1, ""crack"": 0, ""broken"": 0}",0.0,/Users/macbookair/Documents/Project Defect Detections/TES_CROP_HP/data/collected_data/20261009/1-00013e-13__oppo__oppo-a15-3-32_1791526512,4,"top, bottom, left, right"
57,2026-10-09 13:15:24,1-00013e-13__oppo__oppo-a6x-4-64,v3,Model Versi 3 (Housing-Only Skala Penuh 1.918 Unit - Random Forest 18 Fitur),1,,{},D,1.0,245.61,11,"{""scratch"": 8, ""dent"": 1, ""chip"": 0, ""crack"": 0, ""broken"": 2}",0.0,/Users/macbookair/Documents/Project Defect Detections/TES_CROP_HP/data/collected_data/20261009/1-00013e-13__oppo__oppo-a6x-4-64_1791526524,4,"top, bottom, left, right"
58,2026-10-09 13:16:11,1-00013e-13__oppo__oppo-a5i-4-128,v3,Model Versi 3 (Housing-Only Skala Penuh 1.918 Unit - Random Forest 18 Fitur),1,,{},D,1.0,21.55,3,"{""scratch"": 2, ""dent"": 0, ""chip"": 0, ""crack"": 0, ""broken"": 1}",0.0,/Users/macbookair/Documents/Project Defect Detections/TES_CROP_HP/data/collected_data/20261009/1-00013e-13__oppo__oppo-a5i-4-128_1791526571,4,"top, bottom, left, right"
59,2026-10-09 13:16:25,1-00023e-13__oppo__oppo-f9-4-64,v3,Model Versi 3 (Housing-Only Skala Penuh 1.918 Unit - Random Forest 18 Fitur),1,,{},C,0.82,27.66,18,"{""scratch"": 18, ""dent"": 0, ""chip"": 0, ""crack"": 0, ""broken"": 0}",0.0,/Users/macbookair/Documents/Project Defect Detections/TES_CROP_HP/data/collected_data/20261009/1-00023e-13__oppo__oppo-f9-4-64_1791526585,4,"top, bottom, left, right"
60,2026-10-09 13:26:02,test-unit,model_tambahan,Model Tambahan (Custom Defect Model — model_tambahan.pt),1,,{},A,0.3674,0.0,0,"{""scratch"": 0, ""dent"": 0, ""chip"": 0, ""crack"": 0, ""broken"": 0}",0.0,/Users/macbookair/Documents/Project Defect Detections/TES_CROP_HP/data/collected_data/20261009/test-unit_1791527162,0,
